<?xml version="1.0" encoding="UTF-8"?>
<project-private xmlns="http://www.netbeans.org/ns/project-private/1">
    <editor-bookmarks xmlns="http://www.netbeans.org/ns/editor-bookmarks/2" lastBookmarkId="0"/>
    <open-files xmlns="http://www.netbeans.org/ns/projectui-open-files/2">
        <group>
            <file>file:/C:/Users/WINDOWS%2010/Documents/NetBeansProjects/cafeShopManagementSystem/src/cafeshopmanagementsystem/data.java</file>
            <file>file:/C:/Users/WINDOWS%2010/Documents/NetBeansProjects/cafeShopManagementSystem/src/cafeshopmanagementsystem/productData.java</file>
            <file>file:/C:/Users/WINDOWS%2010/Documents/NetBeansProjects/cafeShopManagementSystem/src/cafeshopmanagementsystem/customersData.java</file>
            <file>file:/C:/Users/WINDOWS%2010/Documents/NetBeansProjects/cafeShopManagementSystem/src/cafeshopmanagementsystem/mainFormController.java</file>
            <file>file:/C:/Users/WINDOWS%2010/Documents/NetBeansProjects/cafeShopManagementSystem/src/cafeshopmanagementsystem/cardProductController.java</file>
        </group>
    </open-files>
</project-private>
